{"Accuracy": 0.7821229050279329, "F1-Score": 0.723404255319149}