{"R-Squared": 0.3211514070775878, "Root Mean Squared Error": 0.4057363701085641}