{"Accuracy": 0.7877094972067039, "F1-Score": 0.7361111111111112}