iter	RMSE
0	0.4843372247
1	0.4842735654
2	0.4842068883
3	0.4840601689
4	0.4839982659
5	0.4839424825
6	0.4837996632
7	0.4836510022
8	0.4836353222
9	0.4835595643
10	0.4835050908
11	0.4834689128
12	0.4833363182
13	0.4831841386
14	0.4830290442
15	0.4828739465
16	0.4827198186
17	0.4826683554
18	0.4826298041
19	0.4824564489
20	0.4823258291
21	0.4822653401
22	0.4821090326
23	0.4819850703
24	0.481832462
