iter	RMSE
0	0.4842550263
1	0.4840194608
2	0.4837957496
3	0.4835777271
4	0.4833507489
5	0.4831196846
6	0.4828943986
