{"Accuracy": 0.8044692737430168, "F1-Score": 0.7586206896551724}